id_persona,nombre,nro_foto,archivo,etiqueta_visual,emocion_sugerida,ruta
P001,Ana María Torres,1,P001_01_feliz.jpg,feliz,Feliz,P001/P001_01_feliz.jpg
P001,Ana María Torres,2,P001_02_neutral.jpg,neutral,Neutral,P001/P001_02_neutral.jpg
P001,Ana María Torres,3,P001_03_triste.jpg,triste,Triste,P001/P001_03_triste.jpg
P001,Ana María Torres,4,P001_04_sorpresa.jpg,sorpresa,Sorpresa,P001/P001_04_sorpresa.jpg
P001,Ana María Torres,5,P001_05_enojo.jpg,enojo,Enojo,P001/P001_05_enojo.jpg
P001,Ana María Torres,6,P001_06_feliz2.jpg,feliz2,Feliz,P001/P001_06_feliz2.jpg
P001,Ana María Torres,7,P001_07_lado.jpg,lado,Neutral,P001/P001_07_lado.jpg
P001,Ana María Torres,8,P001_08_abajo.jpg,abajo,Triste,P001/P001_08_abajo.jpg
P001,Ana María Torres,9,P001_09_risa.jpg,risa,Feliz,P001/P001_09_risa.jpg
P001,Ana María Torres,10,P001_10_lentes.jpg,lentes,Neutral,P001/P001_10_lentes.jpg
P002,María Fernanda López,1,P002_01_neutral.jpg,neutral,Neutral,P002/P002_01_neutral.jpg
P002,María Fernanda López,2,P002_02_feliz.jpg,feliz,Feliz,P002/P002_02_feliz.jpg
P002,María Fernanda López,3,P002_03_triste.jpg,triste,Triste,P002/P002_03_triste.jpg
P002,María Fernanda López,4,P002_04_sorpresa.jpg,sorpresa,Sorpresa,P002/P002_04_sorpresa.jpg
P002,María Fernanda López,5,P002_05_enojo.jpg,enojo,Enojo,P002/P002_05_enojo.jpg
P002,María Fernanda López,6,P002_06_lado.jpg,lado,Neutral,P002/P002_06_lado.jpg
P002,María Fernanda López,7,P002_07_arriba.jpg,arriba,Neutral,P002/P002_07_arriba.jpg
P002,María Fernanda López,8,P002_08_abajo.jpg,abajo,Triste,P002/P002_08_abajo.jpg
P002,María Fernanda López,9,P002_09_sonrisa.jpg,sonrisa,Feliz,P002/P002_09_sonrisa.jpg
P002,María Fernanda López,10,P002_10_hoja.jpg,hoja,Neutral,P002/P002_10_hoja.jpg
P003,Carlos Eduardo Mendoza,1,P003_01_neutral.jpg,neutral,Neutral,P003/P003_01_neutral.jpg
P003,Carlos Eduardo Mendoza,2,P003_02_feliz.jpg,feliz,Feliz,P003/P003_02_feliz.jpg
P003,Carlos Eduardo Mendoza,3,P003_03_triste.jpg,triste,Triste,P003/P003_03_triste.jpg
P003,Carlos Eduardo Mendoza,4,P003_04_sorpresa.jpg,sorpresa,Sorpresa,P003/P003_04_sorpresa.jpg
P003,Carlos Eduardo Mendoza,5,P003_05_enojo.jpg,enojo,Enojo,P003/P003_05_enojo.jpg
P003,Carlos Eduardo Mendoza,6,P003_06_lado.jpg,lado,Neutral,P003/P003_06_lado.jpg
P003,Carlos Eduardo Mendoza,7,P003_07_perfil.jpg,perfil,Neutral,P003/P003_07_perfil.jpg
P003,Carlos Eduardo Mendoza,8,P003_08_abajo.jpg,abajo,Triste,P003/P003_08_abajo.jpg
P003,Carlos Eduardo Mendoza,9,P003_09_mano.jpg,mano,Neutral,P003/P003_09_mano.jpg
P003,Carlos Eduardo Mendoza,10,P003_10_capucha.jpg,capucha,Neutral,P003/P003_10_capucha.jpg
P004,Valeria Sofía Rojas,1,P004_01_neutral.jpg,neutral,Neutral,P004/P004_01_neutral.jpg
P004,Valeria Sofía Rojas,2,P004_02_feliz.jpg,feliz,Feliz,P004/P004_02_feliz.jpg
P004,Valeria Sofía Rojas,3,P004_03_triste.jpg,triste,Triste,P004/P004_03_triste.jpg
P004,Valeria Sofía Rojas,4,P004_04_sorpresa.jpg,sorpresa,Sorpresa,P004/P004_04_sorpresa.jpg
P004,Valeria Sofía Rojas,5,P004_05_enojo.jpg,enojo,Enojo,P004/P004_05_enojo.jpg
P004,Valeria Sofía Rojas,6,P004_06_lado.jpg,lado,Neutral,P004/P004_06_lado.jpg
P004,Valeria Sofía Rojas,7,P004_07_perfil.jpg,perfil,Neutral,P004/P004_07_perfil.jpg
P004,Valeria Sofía Rojas,8,P004_08_abajo.jpg,abajo,Triste,P004/P004_08_abajo.jpg
P004,Valeria Sofía Rojas,9,P004_09_risa.jpg,risa,Feliz,P004/P004_09_risa.jpg
P004,Valeria Sofía Rojas,10,P004_10_lentes.jpg,lentes,Neutral,P004/P004_10_lentes.jpg
P005,Diego Alejandro Vargas,1,P005_01_neutral.jpg,neutral,Neutral,P005/P005_01_neutral.jpg
P005,Diego Alejandro Vargas,2,P005_02_feliz.jpg,feliz,Feliz,P005/P005_02_feliz.jpg
P005,Diego Alejandro Vargas,3,P005_03_triste.jpg,triste,Triste,P005/P005_03_triste.jpg
P005,Diego Alejandro Vargas,4,P005_04_sorpresa.jpg,sorpresa,Sorpresa,P005/P005_04_sorpresa.jpg
P005,Diego Alejandro Vargas,5,P005_05_enojo.jpg,enojo,Enojo,P005/P005_05_enojo.jpg
P005,Diego Alejandro Vargas,6,P005_06_lado.jpg,lado,Neutral,P005/P005_06_lado.jpg
P005,Diego Alejandro Vargas,7,P005_07_perfil.jpg,perfil,Neutral,P005/P005_07_perfil.jpg
P005,Diego Alejandro Vargas,8,P005_08_abajo.jpg,abajo,Triste,P005/P005_08_abajo.jpg
P005,Diego Alejandro Vargas,9,P005_09_risa.jpg,risa,Feliz,P005/P005_09_risa.jpg
P005,Diego Alejandro Vargas,10,P005_10_mano.jpg,mano,Neutral,P005/P005_10_mano.jpg
