archivo,id_persona,detectado
P001_01_feliz.jpg,P001,True
P001_02_neutral.jpg,P001,True
P001_03_triste.jpg,P001,True
P001_04_sorpresa.jpg,P001,True
P001_05_enojo.jpg,P001,True
P001_06_feliz2.jpg,P001,False
P001_07_lado.jpg,P001,True
P001_08_abajo.jpg,P001,True
P001_09_risa.jpg,P001,True
P001_10_lentes.jpg,P001,True
P002_01_neutral.jpg,P002,True
P002_02_feliz.jpg,P002,True
P002_03_triste.jpg,P002,False
P002_04_sorpresa.jpg,P002,True
P002_05_enojo.jpg,P002,True
P002_06_lado.jpg,P002,False
P002_07_arriba.jpg,P002,False
P002_08_abajo.jpg,P002,False
P002_09_sonrisa.jpg,P002,True
P002_10_hoja.jpg,P002,False
P003_01_neutral.jpg,P003,True
P003_02_feliz.jpg,P003,True
P003_03_triste.jpg,P003,True
P003_04_sorpresa.jpg,P003,True
P003_05_enojo.jpg,P003,True
P003_06_lado.jpg,P003,True
P003_07_perfil.jpg,P003,True
P003_08_abajo.jpg,P003,True
P003_09_mano.jpg,P003,True
P003_10_capucha.jpg,P003,True
P004_01_neutral.jpg,P004,True
P004_02_feliz.jpg,P004,True
P004_03_triste.jpg,P004,True
P004_04_sorpresa.jpg,P004,True
P004_05_enojo.jpg,P004,True
P004_06_lado.jpg,P004,True
P004_07_perfil.jpg,P004,False
P004_08_abajo.jpg,P004,True
P004_09_risa.jpg,P004,True
P004_10_lentes.jpg,P004,True
P005_01_neutral.jpg,P005,True
P005_02_feliz.jpg,P005,True
P005_03_triste.jpg,P005,True
P005_04_sorpresa.jpg,P005,True
P005_05_enojo.jpg,P005,True
P005_06_lado.jpg,P005,False
P005_07_perfil.jpg,P005,False
P005_08_abajo.jpg,P005,False
P005_09_risa.jpg,P005,True
P005_10_mano.jpg,P005,True
