archivo,real,pred,confianza,raw
P001_01_feliz.jpg,Feliz,Feliz,99.9748306274414,happy
P001_02_neutral.jpg,Neutral,Otro,40.723167419433594,fear
P001_03_triste.jpg,Triste,Enojo,71.23573303222656,angry
P001_04_sorpresa.jpg,Sorpresa,Sorpresa,99.98096466064453,surprise
P001_05_enojo.jpg,Enojo,Otro,50.6641731262207,disgust
P001_06_feliz2.jpg,Feliz,Triste,99.42887878417969,sad
P001_07_lado.jpg,Neutral,Triste,60.67578125,sad
P001_08_abajo.jpg,Triste,Triste,76.38136291503906,sad
P001_09_risa.jpg,Feliz,Otro,68.26174926757812,fear
P001_10_lentes.jpg,Neutral,Feliz,99.81039428710938,happy
P002_01_neutral.jpg,Neutral,Neutral,63.279808044433594,neutral
P002_02_feliz.jpg,Feliz,Feliz,99.7874984741211,happy
P002_03_triste.jpg,Triste,Enojo,51.952205657958984,angry
P002_04_sorpresa.jpg,Sorpresa,Sorpresa,99.6710433959961,surprise
P002_05_enojo.jpg,Enojo,Triste,38.82231140136719,sad
P002_06_lado.jpg,Neutral,Neutral,99.77764129638672,neutral
P002_07_arriba.jpg,Neutral,Neutral,98.65128326416016,neutral
P002_08_abajo.jpg,Triste,Otro,54.548362731933594,fear
P002_09_sonrisa.jpg,Feliz,Feliz,99.44747924804688,happy
P002_10_hoja.jpg,Neutral,Otro,75.04029846191406,fear
P003_01_neutral.jpg,Neutral,Neutral,99.41133880615234,neutral
P003_02_feliz.jpg,Feliz,Feliz,99.83409118652344,happy
P003_03_triste.jpg,Triste,Triste,59.31424331665039,sad
P003_04_sorpresa.jpg,Sorpresa,Neutral,99.85968780517578,neutral
P003_05_enojo.jpg,Enojo,Triste,51.73894119262695,sad
P003_06_lado.jpg,Neutral,Neutral,91.49378204345703,neutral
P003_07_perfil.jpg,Neutral,Otro,99.2540283203125,fear
P003_08_abajo.jpg,Triste,Triste,67.76460266113281,sad
P003_09_mano.jpg,Neutral,Otro,58.55236053466797,fear
P003_10_capucha.jpg,Neutral,Enojo,75.16266632080078,angry
P004_01_neutral.jpg,Neutral,Otro,75.30546569824219,fear
P004_02_feliz.jpg,Feliz,Feliz,99.9719467163086,happy
P004_03_triste.jpg,Triste,Triste,29.841115951538086,sad
P004_04_sorpresa.jpg,Sorpresa,Sorpresa,96.00216674804688,surprise
P004_05_enojo.jpg,Enojo,Enojo,98.72689056396484,angry
P004_06_lado.jpg,Neutral,Feliz,93.55423736572266,happy
P004_07_perfil.jpg,Neutral,Neutral,63.11839294433594,neutral
P004_08_abajo.jpg,Triste,Neutral,44.33761978149414,neutral
P004_09_risa.jpg,Feliz,Feliz,96.93859100341797,happy
P004_10_lentes.jpg,Neutral,Neutral,50.821231842041016,neutral
P005_01_neutral.jpg,Neutral,Neutral,75.37452697753906,neutral
P005_02_feliz.jpg,Feliz,Neutral,98.29132843017578,neutral
P005_03_triste.jpg,Triste,Neutral,43.35668182373047,neutral
P005_04_sorpresa.jpg,Sorpresa,Sorpresa,100.0,surprise
P005_05_enojo.jpg,Enojo,Enojo,100.0,angry
P005_06_lado.jpg,Neutral,Otro,70.7996826171875,fear
P005_07_perfil.jpg,Neutral,Enojo,52.044532775878906,angry
P005_08_abajo.jpg,Triste,Triste,99.99262237548828,sad
P005_09_risa.jpg,Feliz,Neutral,99.9345474243164,neutral
P005_10_mano.jpg,Neutral,Neutral,76.38866424560547,neutral
